name,slug,image_filename,image_path
Ab Wheel Rollout,ab-wheel-rollout,ab-wheel-rollout.jpg,/exercises/ab-wheel-rollout.jpg
Alternating Foot Jump Rope,alternating-foot-jump-rope,alternating-foot-jump-rope.jpg,/exercises/alternating-foot-jump-rope.jpg
Arnold Press,arnold-press,arnold-press.jpg,/exercises/arnold-press.jpg
Assault Bike,assault-bike,assault-bike.jpg,/exercises/assault-bike.jpg
Assisted Pull-up,assisted-pull-up,assisted-pull-up.jpg,/exercises/assisted-pull-up.jpg
Banded Bicep Curl,banded-bicep-curl,banded-bicep-curl.jpg,/exercises/banded-bicep-curl.jpg
Banded Chest Press,banded-chest-press,banded-chest-press.jpg,/exercises/banded-chest-press.jpg
Banded Glute Bridge,banded-glute-bridge,banded-glute-bridge.jpg,/exercises/banded-glute-bridge.jpg
Banded Hip Extension,banded-hip-extension,banded-hip-extension.jpg,/exercises/banded-hip-extension.jpg
Banded Lateral Walk,banded-lateral-walk,banded-lateral-walk.jpg,/exercises/banded-lateral-walk.jpg
Banded Overhead Press,banded-overhead-press,banded-overhead-press.jpg,/exercises/banded-overhead-press.jpg
Banded Pull-Apart,banded-pull-apart,banded-pull-apart.jpg,/exercises/banded-pull-apart.jpg
Banded Seated Row,banded-seated-row,banded-seated-row.jpg,/exercises/banded-seated-row.jpg
Banded Squat,banded-squat,banded-squat.jpg,/exercises/banded-squat.jpg
Banded Triceps Pushdown,banded-triceps-pushdown,banded-triceps-pushdown.jpg,/exercises/banded-triceps-pushdown.jpg
Barbell Back Squat,barbell-back-squat,barbell-back-squat.jpg,/exercises/barbell-back-squat.jpg
Barbell Bench Press,barbell-bench-press,barbell-bench-press.jpg,/exercises/barbell-bench-press.jpg
Barbell Conventional Deadlift,barbell-conventional-deadlift,barbell-conventional-deadlift.jpg,/exercises/barbell-conventional-deadlift.jpg
Barbell Curl,barbell-curl,barbell-curl.jpg,/exercises/barbell-curl.jpg
Barbell Front Squat,barbell-front-squat,barbell-front-squat.jpg,/exercises/barbell-front-squat.jpg
Barbell Hip Thrust,barbell-hip-thrust,barbell-hip-thrust.jpg,/exercises/barbell-hip-thrust.jpg
Barbell Overhead Press,barbell-overhead-press,barbell-overhead-press.jpg,/exercises/barbell-overhead-press.jpg
Barbell Row,barbell-row,barbell-row.jpg,/exercises/barbell-row.jpg
Barbell Squat,barbell-squat,barbell-squat.jpg,/exercises/barbell-squat.jpg
Bear Crawl,bear-crawl,bear-crawl.jpg,/exercises/bear-crawl.jpg
Bicep Curl,bicep-curl,bicep-curl.jpg,/exercises/bicep-curl.jpg
Bodyweight Squat,bodyweight-squat,bodyweight-squat.jpg,/exercises/bodyweight-squat.jpg
Boxer Step Jump Rope,boxer-step-jump-rope,boxer-step-jump-rope.jpg,/exercises/boxer-step-jump-rope.jpg
Bulgarian Split Squat,bulgarian-split-squat,bulgarian-split-squat.jpg,/exercises/bulgarian-split-squat.jpg
Burpees,burpees,burpees.jpg,/exercises/burpees.jpg
Cable Bicep Curl,cable-bicep-curl,cable-bicep-curl.jpg,/exercises/cable-bicep-curl.jpg
Cable Crossover,cable-crossover,cable-crossover.jpg,/exercises/cable-crossover.jpg
Cable Crunch,cable-crunch,cable-crunch.jpg,/exercises/cable-crunch.jpg
Cable Fly,cable-fly,cable-fly.jpg,/exercises/cable-fly.jpg
Cable Lateral Raise,cable-lateral-raise,cable-lateral-raise.jpg,/exercises/cable-lateral-raise.jpg
Cable Row,cable-row,cable-row.jpg,/exercises/cable-row.jpg
Cable Tricep Pushdown,cable-tricep-pushdown,cable-tricep-pushdown.jpg,/exercises/cable-tricep-pushdown.jpg
Captains Chair Leg Raise,captains-chair-leg-raise,captains-chair-leg-raise.jpg,/exercises/captains-chair-leg-raise.jpg
Chin-up,chin-up,chin-up.jpg,/exercises/chin-up.jpg
Close-Grip Bench Press,close-grip-bench-press,close-grip-bench-press.jpg,/exercises/close-grip-bench-press.jpg
Decline Barbell Press,decline-barbell-press,decline-barbell-press.jpg,/exercises/decline-barbell-press.jpg
Decline Crunch,decline-crunch,decline-crunch.jpg,/exercises/decline-crunch.jpg
Double Unders,double-unders,double-unders.jpg,/exercises/double-unders.jpg
Dumbbell Bent Over Row,dumbbell-bent-over-row,dumbbell-bent-over-row.jpg,/exercises/dumbbell-bent-over-row.jpg
Dumbbell Calf Raise,dumbbell-calf-raise,dumbbell-calf-raise.jpg,/exercises/dumbbell-calf-raise.jpg
Dumbbell Floor Press,dumbbell-floor-press,dumbbell-floor-press.jpg,/exercises/dumbbell-floor-press.jpg
Dumbbell Forward Lunge,dumbbell-forward-lunge,dumbbell-forward-lunge.jpg,/exercises/dumbbell-forward-lunge.jpg
Dumbbell Goblet Squat,dumbbell-goblet-squat,dumbbell-goblet-squat.jpg,/exercises/dumbbell-goblet-squat.jpg
Dumbbell Lateral Raise,dumbbell-lateral-raise,dumbbell-lateral-raise.jpg,/exercises/dumbbell-lateral-raise.jpg
Dumbbell Overhead Press,dumbbell-overhead-press,dumbbell-overhead-press.jpg,/exercises/dumbbell-overhead-press.jpg
Dumbbell Pullover,dumbbell-pullover,dumbbell-pullover.jpg,/exercises/dumbbell-pullover.jpg
Dumbbell Renegade Row,dumbbell-renegade-row,dumbbell-renegade-row.jpg,/exercises/dumbbell-renegade-row.jpg
Dumbbell Reverse Fly,dumbbell-reverse-fly,dumbbell-reverse-fly.jpg,/exercises/dumbbell-reverse-fly.jpg
Dumbbell Romanian Deadlift,dumbbell-romanian-deadlift,dumbbell-romanian-deadlift.jpg,/exercises/dumbbell-romanian-deadlift.jpg
Dumbbell Shrugs,dumbbell-shrugs,dumbbell-shrugs.jpg,/exercises/dumbbell-shrugs.jpg
Dumbbell Step-up,dumbbell-step-up,dumbbell-step-up.jpg,/exercises/dumbbell-step-up.jpg
Dumbbell Thruster,dumbbell-thruster,dumbbell-thruster.jpg,/exercises/dumbbell-thruster.jpg
Dumbbell Triceps Extension,dumbbell-triceps-extension,dumbbell-triceps-extension.jpg,/exercises/dumbbell-triceps-extension.jpg
Elliptical Trainer,elliptical-trainer,elliptical-trainer.jpg,/exercises/elliptical-trainer.jpg
Face Pulls,face-pulls,face-pulls.jpg,/exercises/face-pulls.jpg
Forward Lunges,forward-lunges,forward-lunges.jpg,/exercises/forward-lunges.jpg
Front Dumbbell Raise,front-dumbbell-raise,front-dumbbell-raise.jpg,/exercises/front-dumbbell-raise.jpg
Glute Bridge,glute-bridge,glute-bridge.jpg,/exercises/glute-bridge.jpg
Glute Ham Raise,glute-ham-raise,glute-ham-raise.jpg,/exercises/glute-ham-raise.jpg
Hack Squat,hack-squat,hack-squat.jpg,/exercises/hack-squat.jpg
Hammer Curl,hammer-curl,hammer-curl.jpg,/exercises/hammer-curl.jpg
Hanging Knee Raise,hanging-knee-raise,hanging-knee-raise.jpg,/exercises/hanging-knee-raise.jpg
Hanging Leg Raise,hanging-leg-raise,hanging-leg-raise.jpg,/exercises/hanging-leg-raise.jpg
High Knees Jump Rope,high-knees-jump-rope,high-knees-jump-rope.jpg,/exercises/high-knees-jump-rope.jpg
Incline Dumbbell Curl,incline-dumbbell-curl,incline-dumbbell-curl.jpg,/exercises/incline-dumbbell-curl.jpg
Incline Dumbbell Press,incline-dumbbell-press,incline-dumbbell-press.jpg,/exercises/incline-dumbbell-press.jpg
Jump Rope Basic,jump-rope-basic,jump-rope-basic.jpg,/exercises/jump-rope-basic.jpg
Kettlebell Clean and Press,kettlebell-clean-and-press,kettlebell-clean-and-press.jpg,/exercises/kettlebell-clean-and-press.jpg
Kettlebell Figure 8,kettlebell-figure-8,kettlebell-figure-8.jpg,/exercises/kettlebell-figure-8.jpg
Kettlebell Goblet Squat,kettlebell-goblet-squat,kettlebell-goblet-squat.jpg,/exercises/kettlebell-goblet-squat.jpg
Kettlebell Halo,kettlebell-halo,kettlebell-halo.jpg,/exercises/kettlebell-halo.jpg
Kettlebell High Pull,kettlebell-high-pull,kettlebell-high-pull.jpg,/exercises/kettlebell-high-pull.jpg
Kettlebell Reverse Lunge,kettlebell-reverse-lunge,kettlebell-reverse-lunge.jpg,/exercises/kettlebell-reverse-lunge.jpg
Kettlebell Snatch,kettlebell-snatch,kettlebell-snatch.jpg,/exercises/kettlebell-snatch.jpg
Kettlebell Swing,kettlebell-swing,kettlebell-swing.jpg,/exercises/kettlebell-swing.jpg
Kettlebell Turkish Get-Up,kettlebell-turkish-get-up,kettlebell-turkish-get-up.jpg,/exercises/kettlebell-turkish-get-up.jpg
Kettlebell Windmill,kettlebell-windmill,kettlebell-windmill.jpg,/exercises/kettlebell-windmill.jpg
L-Sit Hang,l-sit-hang,l-sit-hang.jpg,/exercises/l-sit-hang.jpg
Lat Pulldown,lat-pulldown,lat-pulldown.jpg,/exercises/lat-pulldown.jpg
Lateral Raise,lateral-raise,lateral-raise.jpg,/exercises/lateral-raise.jpg
Leg Curl,leg-curl,leg-curl.jpg,/exercises/leg-curl.jpg
Leg Extension,leg-extension,leg-extension.jpg,/exercises/leg-extension.jpg
Leg Press,leg-press,leg-press.jpg,/exercises/leg-press.jpg
Lying Leg Curl,lying-leg-curl,lying-leg-curl.jpg,/exercises/lying-leg-curl.jpg
Machine Chest Press,machine-chest-press,machine-chest-press.jpg,/exercises/machine-chest-press.jpg
Machine Crunch,machine-crunch,machine-crunch.jpg,/exercises/machine-crunch.jpg
Machine Reverse Fly,machine-reverse-fly,machine-reverse-fly.jpg,/exercises/machine-reverse-fly.jpg
Machine Shoulder Press,machine-shoulder-press,machine-shoulder-press.jpg,/exercises/machine-shoulder-press.jpg
Machine Triceps Extension,machine-triceps-extension,machine-triceps-extension.jpg,/exercises/machine-triceps-extension.jpg
Mountain Climbers,mountain-climbers,mountain-climbers.jpg,/exercises/mountain-climbers.jpg
Overhead Cable Extension,overhead-cable-extension,overhead-cable-extension.jpg,/exercises/overhead-cable-extension.jpg
Overhead Press,overhead-press,overhead-press.jpg,/exercises/overhead-press.jpg
Pec Deck Fly,pec-deck-fly,pec-deck-fly.jpg,/exercises/pec-deck-fly.jpg
Pendlay Row,pendlay-row,pendlay-row.jpg,/exercises/pendlay-row.jpg
Pike Push-up,pike-push-up,pike-push-up.jpg,/exercises/pike-push-up.jpg
Plank,plank,plank.jpg,/exercises/plank.jpg
Preacher Curl,preacher-curl,preacher-curl.jpg,/exercises/preacher-curl.jpg
Pull-up,pull-up,pull-up.jpg,/exercises/pull-up.jpg
Push-Up,push-up,push-up.jpg,/exercises/push-up.jpg
Reverse Lunges,reverse-lunges,reverse-lunges.jpg,/exercises/reverse-lunges.jpg
Reverse Pec Deck,reverse-pec-deck,reverse-pec-deck.jpg,/exercises/reverse-pec-deck.jpg
Romanian Deadlift,romanian-deadlift,romanian-deadlift.jpg,/exercises/romanian-deadlift.jpg
Rowing Machine,rowing-machine,rowing-machine.jpg,/exercises/rowing-machine.jpg
Russian Twist with Medicine Ball,russian-twist-with-medicine-ball,russian-twist-with-medicine-ball.jpg,/exercises/russian-twist-with-medicine-ball.jpg
Russian Twists,russian-twists,russian-twists.jpg,/exercises/russian-twists.jpg
Seated Cable Row,seated-cable-row,seated-cable-row.jpg,/exercises/seated-cable-row.jpg
Seated Calf Raise,seated-calf-raise,seated-calf-raise.jpg,/exercises/seated-calf-raise.jpg
Seated Dumbbell Press,seated-dumbbell-press,seated-dumbbell-press.jpg,/exercises/seated-dumbbell-press.jpg
Seated Leg Curl,seated-leg-curl,seated-leg-curl.jpg,/exercises/seated-leg-curl.jpg
Side Plank,side-plank,side-plank.jpg,/exercises/side-plank.jpg
Single-Arm Dumbbell Row,single-arm-dumbbell-row,single-arm-dumbbell-row.jpg,/exercises/single-arm-dumbbell-row.jpg
Skull Crushers,skull-crushers,skull-crushers.jpg,/exercises/skull-crushers.jpg
Stair Climber,stair-climber,stair-climber.jpg,/exercises/stair-climber.jpg
Standing Calf Raise,standing-calf-raise,standing-calf-raise.jpg,/exercises/standing-calf-raise.jpg
Stationary Bike,stationary-bike,stationary-bike.jpg,/exercises/stationary-bike.jpg
Straight-Arm Pulldown,straight-arm-pulldown,straight-arm-pulldown.jpg,/exercises/straight-arm-pulldown.jpg
Superman,superman,superman.jpg,/exercises/superman.jpg
T-Bar Row,t-bar-row,t-bar-row.jpg,/exercises/t-bar-row.jpg
Toes to Bar,toes-to-bar,toes-to-bar.jpg,/exercises/toes-to-bar.jpg
Treadmill Sprint,treadmill-sprint,treadmill-sprint.jpg,/exercises/treadmill-sprint.jpg
Triceps Dips on Chair,triceps-dips-on-chair,triceps-dips-on-chair.jpg,/exercises/triceps-dips-on-chair.jpg
Triceps Rope Pushdown,triceps-rope-pushdown,triceps-rope-pushdown.jpg,/exercises/triceps-rope-pushdown.jpg
Upright Row,upright-row,upright-row.jpg,/exercises/upright-row.jpg
V-Ups,v-ups,v-ups.jpg,/exercises/v-ups.jpg
Weighted Dips,weighted-dips,weighted-dips.jpg,/exercises/weighted-dips.jpg
Woodchoppers,woodchoppers,woodchoppers.jpg,/exercises/woodchoppers.jpg
